{
  "train_losses": [
    0.2200089864606081,
    0.12137747014504532,
    0.09968826802837294,
    0.08557296622284623,
    0.07661437789021536,
    0.070248075436021,
    0.0664124591709223,
    0.061669449495194956,
    0.055599592052140205,
    0.04841540363985439,
    0.0442474705795216,
    0.040827894810760434,
    0.04062217323456046,
    0.03775016580123541,
    0.03589711056718992,
    0.03463487666056946,
    0.034805518899892654,
    0.03165170121504817,
    0.02845703771467819,
    0.03058962861812392,
    0.022545992039403943,
    0.020652076164477094
  ],
  "val_losses": [
    0.13529006019234657,
    0.09277423809875142,
    0.0842861904000694,
    0.07594130425290628,
    0.07316155003553088,
    0.0702903222461993,
    0.07048404386097734,
    0.06734108298339626,
    0.06570945612408897,
    0.061936314556409015,
    0.06281496889211914,
    0.06801361226561395,
    0.06488430203700607,
    0.07494341383095492,
    0.0643840678544207,
    0.0653511827218939,
    0.06924718969755551,
    0.06648090735755184,
    0.06539333831857551,
    0.06506162555888295,
    0.0685314721935852,
    0.06981653982604091
  ],
  "val_metrics": {
    "accuracy": [
      0.9879080980170222,
      0.9913448676299813,
      0.9921298269855503,
      0.9912537300269003,
      0.9910773346660983,
      0.9950521101295036,
      0.9914565846918226,
      0.9929265460318394,
      0.9936997456966882,
      0.9939878581193314,
      0.9951461876552646,
      0.99474635817078,
      0.9959870055417542,
      0.9962074997427568,
      0.9958400094077525,
      0.9957606314953916,
      0.9962045598200767,
      0.9954166605418278,
      0.9950609298975437,
      0.9948198562377809,
      0.9954725190727484,
      0.9959370268561937
    ],
    "precision": [
      0.7610241820768137,
      0.8035378246142266,
      0.8198446504635429,
      0.7721920289855072,
      0.7612810917895664,
      0.9133911629167796,
      0.771215660104549,
      0.8175268690209047,
      0.8396771862201879,
      0.8434282978214029,
      0.8896797153024911,
      0.8740953331669579,
      0.9322467672413793,
      0.955010511562719,
      0.9129701686121919,
      0.9173357904435961,
      0.9387672343876723,
      0.8942234608563466,
      0.8750153619270001,
      0.8627545487408121,
      0.8895544739797828,
      0.9121699935608499
    ],
    "recall": [
      0.6873956058075292,
      0.8229474495695747,
      0.840806886804574,
      0.8762687909546447,
      0.8887318514711551,
      0.8658614929975588,
      0.8909160991905435,
      0.8893742772709752,
      0.8956700501092124,
      0.9053064371065142,
      0.8993961197481691,
      0.9000385455479892,
      0.8892457921110112,
      0.8754978799948606,
      0.904407040986766,
      0.8954130797892843,
      0.8923294359501478,
      0.9069767441860465,
      0.914814338943852,
      0.9199537453424129,
      0.9158422202235642,
      0.9100603880251831
    ],
    "f1": [
      0.7223384864645919,
      0.8131268249333503,
      0.8301934665398034,
      0.8209449292807703,
      0.8200841780781315,
      0.8889914913264296,
      0.826755693334923,
      0.8519384615384615,
      0.8667702828722412,
      0.8732726033339531,
      0.8945115328094051,
      0.8868772551750332,
      0.9102387058591438,
      0.9135272824775439,
      0.9086684309042794,
      0.9062418725617686,
      0.9149594888347277,
      0.9005549531160298,
      0.8944723618090452,
      0.8904365128715334,
      0.9025069637883009,
      0.9111139696423978
    ],
    "f1_macro": [
      0.858078978655158,
      0.9043483330729327,
      0.9130825125859545,
      0.9082311567713228,
      0.907754702899646,
      0.9432305775529686,
      0.9111879974400126,
      0.9241575929160895,
      0.9317719346701372,
      0.9350967467752573,
      0.9460137387776749,
      0.9420939934077736,
      0.9540931652206694,
      0.9557942586978776,
      0.9532699808060748,
      0.9520365789994477,
      0.9565092268029578,
      0.9491046135535296,
      0.9459718251991175,
      0.9438918647030565,
      0.950094705441692,
      0.9545174837816979
    ],
    "mcc": [
      0.7171431077149419,
      0.8087576633201157,
      0.8262346700316672,
      0.8181954660571085,
      0.8181069029686083,
      0.8867940495032193,
      0.8246497058886143,
      0.8491115388473593,
      0.864019227692871,
      0.8707695371609406,
      0.8920413350466194,
      0.8842876736934902,
      0.9084523886637721,
      0.9124925107922973,
      0.906550547741135,
      0.9041426969013953,
      0.9133270427273071,
      0.8982329378185174,
      0.8921762197765147,
      0.8882662688265717,
      0.9002899460657421,
      0.9090356084271042
    ],
    "auc": [
      0.9511498172770403,
      0.967998780439004,
      0.9717915029965868,
      0.9749003403833456,
      0.9764899192876593,
      0.9759899095160264,
      0.9768502577631608,
      0.9763801472082996,
      0.9768677461520533,
      0.9783579346360741,
      0.9780026576784336,
      0.9775493990052347,
      0.9779065054620945,
      0.9782113999634741,
      0.9788734225703041,
      0.9780376651894858,
      0.9785700523616709,
      0.9774006919351993,
      0.9767747691268052,
      0.975800651735931,
      0.9764265656529396,
      0.9761699063382143
    ]
  }
}