{
  "train_losses": [
    0.1665955682739962,
    0.03573018557197133,
    0.02643779874779284,
    0.017339112266876497,
    0.019519760314006963,
    0.018768880640827986,
    0.013765717985861133,
    0.011360222031768454,
    0.010460983881954277,
    0.009241289273039762,
    0.008408291127971309,
    0.008329666697495986,
    0.007809683073414923,
    0.005582884363532283,
    0.00527828904938191
  ],
  "val_losses": [
    0.07844168777492913,
    0.03705538254739209,
    0.02525736717507243,
    0.0217980492267419,
    0.04781544792719863,
    0.026029288726435465,
    0.019536198074506086,
    0.02092340746259486,
    0.021815669045529583,
    0.020276201809544793,
    0.022235959286759185,
    0.02259200787044723,
    0.02282928344158625,
    0.021900087923065505,
    0.02356035249117254
  ],
  "val_metrics": {
    "accuracy": [
      0.9783092504667127,
      0.996319216804598,
      0.9968395831189639,
      0.9983418836084611,
      0.9862088227079627,
      0.9973217304384895,
      0.998336003763101,
      0.9982801452321803,
      0.9983830425259815,
      0.9985359185053433,
      0.9982713254641403,
      0.9980067324229372,
      0.9976774610827736,
      0.9984888797424628,
      0.9984242014435021
    ],
    "precision": [
      0.5138613183653912,
      0.9030983829156894,
      0.8964539007092198,
      0.9608068428443763,
      0.627705270113993,
      0.9155781325592647,
      0.9555611665193788,
      0.9506636614074631,
      0.9618184139956583,
      0.962892362434871,
      0.9479516872120533,
      0.9365859653434927,
      0.923049001814882,
      0.9548241771993493,
      0.9575704003030686
    ],
    "recall": [
      0.9645380958499293,
      0.9399974302968007,
      0.9744314531671592,
      0.9669793138892457,
      0.9763587305666196,
      0.9726326609276629,
      0.9725041757676989,
      0.9754593344468714,
      0.96775022484903,
      0.973532057047411,
      0.9781575228061159,
      0.9791854040858281,
      0.9802132853655403,
      0.9803417705255043,
      0.9743029680071952
    ],
    "f1": [
      0.6705073240443016,
      0.9211785444472425,
      0.9338176445237949,
      0.9638831967213115,
      0.764140982452612,
      0.9432434116254439,
      0.9639582272032603,
      0.9629018961253092,
      0.9647752017420264,
      0.9681829798108867,
      0.9628177564183634,
      0.9574120603015075,
      0.9507726819541376,
      0.9674147331051097,
      0.9658642211183289
    ],
    "f1_macro": [
      0.8296464098341216,
      0.9596470772404333,
      0.9660993916041277,
      0.9815173302231929,
      0.8785188612318027,
      0.9709359586644817,
      0.9815532845892826,
      0.9810107813862065,
      0.9819738654570671,
      0.9837168498758333,
      0.9809664243056547,
      0.978195772312501,
      0.9747916781885068,
      0.9833206189046426,
      0.9825288532027271
    ],
    "mcc": [
      0.6955996273694707,
      0.9194881286417425,
      0.9330525526353607,
      0.9630398404912177,
      0.7770543556595577,
      0.9423245088252352,
      0.9631456031018185,
      0.9621052652245107,
      0.9639525103508197,
      0.967449022360252,
      0.9620570775671752,
      0.9566400621232168,
      0.9500340079982932,
      0.9667294624190499,
      0.9650956997000358
    ],
    "auc": [
      0.9844998917234129,
      0.9936835140992861,
      0.9945081889479084,
      0.9959238022887915,
      0.9960775803479468,
      0.9920457956873583,
      0.994570525872021,
      0.9922037169388818,
      0.9926677405671808,
      0.9934340129297894,
      0.9925503271151175,
      0.9932118297691851,
      0.9926867178765681,
      0.9919312808269798,
      0.992114748382182
    ]
  }
}