{
  "train_losses": [
    0.2348085329109846,
    0.12854958620182302,
    0.09216776243302711,
    0.0778275060272494,
    0.0682507130902174,
    0.06144388585329749,
    0.05645832191979469,
    0.05050052275751219,
    0.041744681670828614,
    0.040197952184826136,
    0.036068017020561664,
    0.03253525008209223,
    0.02796504046594681,
    0.026886217101195525
  ],
  "val_losses": [
    0.16902325437827545,
    0.11717650192705067,
    0.08183570959689943,
    0.07390063730153171,
    0.06957139040936124,
    0.06912909422747114,
    0.06726864064958962,
    0.07072752832689068,
    0.07595869073305618,
    0.06587454854426059,
    0.06707615981047804,
    0.06552558675916358,
    0.06453546682711352,
    0.0637412719767202
  ],
  "val_metrics": {
    "accuracy": [
      0.9642711196695527,
      0.9756309809052022,
      0.9925884549236355,
      0.994387687603816,
      0.9944376662893766,
      0.9942201120110541,
      0.9933587146658043,
      0.9925208367019948,
      0.9961310617530759,
      0.9954813388407885,
      0.9904423113672111,
      0.9944141469079363,
      0.9950109512119831,
      0.994828676005821
    ],
    "precision": [
      0.37199765670767426,
      0.48219062368013516,
      0.8304446119065562,
      0.8946519752754636,
      0.8806047292931903,
      0.8705567588227799,
      0.8288095238095238,
      0.7973663298898853,
      0.9561292142756384,
      0.9085557299843015,
      0.7312244897959184,
      0.8573684849957478,
      0.8785767603881562,
      0.8722194760257044
    ],
    "recall": [
      0.8158807657715534,
      0.8801233457535654,
      0.8495438776821277,
      0.8554541950404728,
      0.8756263651548246,
      0.877939098034177,
      0.8945136836695362,
      0.9024797635873056,
      0.8708724142361557,
      0.8923294359501478,
      0.9207246563021971,
      0.9067197738661185,
      0.9073621996659386,
      0.9068482590260825
    ],
    "f1": [
      0.5110047076811652,
      0.6230387921233344,
      0.8398856779930136,
      0.8746141215106732,
      0.8781084911738178,
      0.8742323439099283,
      0.8604090712476055,
      0.8466730954676953,
      0.9115115653577192,
      0.9003694820768782,
      0.8151054996303247,
      0.8813538154115149,
      0.8927375007900891,
      0.8891968503937008
    ],
    "f1_macro": [
      0.7462314399312366,
      0.8052236438145948,
      0.918046052473397,
      0.9358718626919894,
      0.9376311927323793,
      0.9356372158602508,
      0.9285037554784346,
      0.9214200134064879,
      0.9547669305588388,
      0.9490288638126045,
      0.9050999312995891,
      0.9392467792651695,
      0.9450917908980627,
      0.9432747043296213
    ],
    "mcc": [
      0.536685705432521,
      0.6412948979086984,
      0.8361492341845119,
      0.8719740607942573,
      0.8752660915894656,
      0.8712826211317806,
      0.8576668923943361,
      0.8445528817985353,
      0.910575004251383,
      0.8980960869068547,
      0.8159390407544639,
      0.8788566025277968,
      0.8903054839017204,
      0.8867265496137916
    ],
    "auc": [
      0.9543901337079057,
      0.9693933818895403,
      0.9716166960374775,
      0.9739703169196674,
      0.9745143900785195,
      0.9751076565674628,
      0.9756263080953242,
      0.9758558030674944,
      0.97659789124803,
      0.9773252881535881,
      0.9766315650512519,
      0.9771996979127797,
      0.9767775575426253,
      0.9778634274723415
    ]
  }
}