{
  "train_losses": [
    0.39194531946681266,
    0.18017634138638197,
    0.10631327432861855,
    0.06354380938289471,
    0.1682700552046299,
    0.1120234889649721,
    0.1064624249242073,
    0.08804872179360584,
    0.07624355448020059
  ],
  "val_losses": [
    0.3259372196414254,
    0.13222523863342675,
    0.08189655831930312,
    0.054242584854364395,
    0.13138717074285855,
    0.1146794401786544,
    0.12390751848843964,
    0.09470984847708182,
    0.08708714075725187
  ],
  "val_metrics": {
    "accuracy": [
      0.9771421011627395,
      0.9887430360581517,
      0.9842919931205809,
      0.9928677475782387,
      0.9829631480692058,
      0.9860824060327213,
      0.9776830469358656,
      0.9855502800276352,
      0.9891369856972761
    ],
    "precision": [
      1.0,
      0.789543057996485,
      0.607621736062103,
      0.8114897081055936,
      0.5954851104707013,
      0.6535710688022565,
      0.5073003802281368,
      0.6328023708094092,
      0.714931650893796
    ],
    "recall": [
      0.0010278812797121933,
      0.6926634973660543,
      0.8850057818321984,
      0.8965694462289605,
      0.7964795066169857,
      0.8336117178465887,
      0.8571245021200051,
      0.877939098034177,
      0.8735706025954002
    ],
    "f1": [
      0.0020536516493389807,
      0.7379371706248716,
      0.7205397771849992,
      0.8519106336222684,
      0.6814708953993294,
      0.7326933935629588,
      0.6373668370515454,
      0.7354824821053765,
      0.7863297287919968
    ],
    "f1_macro": [
      0.4952461480838848,
      0.8660925745024208,
      0.8562293302498016,
      0.9241282564352991,
      0.8363592007147063,
      0.8627742979768067,
      0.8129270528543686,
      0.8640273728719623,
      0.8903782756180703
    ],
    "mcc": [
      0.03169204191588326,
      0.7338489075845741,
      0.7261159961237512,
      0.849372724423627,
      0.6804275336243147,
      0.731323010396911,
      0.649678282635739,
      0.7385897101608634,
      0.7849434311871714
    ],
    "auc": [
      0.885570935306408,
      0.963208044118758,
      0.9843116071634516,
      0.9920679595920053,
      0.9386805901980795,
      0.9528134071080919,
      0.955792536576085,
      0.9613000907927212,
      0.9667051389315986
    ]
  }
}