{
  "train_losses": [
    0.04713745900251938,
    0.021467925605307123,
    0.020934953374493564,
    0.019943333471464753,
    0.015875569434171954,
    0.015129317844571829,
    0.017051063543773608,
    0.011908006587138897,
    0.0122213923996003
  ],
  "val_losses": [
    0.02031643405897803,
    0.019618838393335166,
    0.02056672690208828,
    0.019303253428133334,
    0.017960106103199123,
    0.016170437371582982,
    0.01808508226396191,
    0.018803475799782168,
    0.01811857891626396
  ],
  "val_metrics": {
    "accuracy": [
      0.997895015361096,
      0.9983418836084611,
      0.9986329359537844,
      0.9988210910053066,
      0.9986976142527452,
      0.998774052242426,
      0.998338943685781,
      0.9986270561084244,
      0.9980861103352981
    ],
    "precision": [
      0.9344645272347227,
      0.9586986910662092,
      0.981194108364019,
      0.974787754051968,
      0.9702716555612506,
      0.9700102092904543,
      0.9519158527422991,
      0.9665816326530612,
      0.9409000989119684
    ],
    "recall": [
      0.9764872157265836,
      0.9692920467685983,
      0.9586277784915842,
      0.9736605422073751,
      0.9728896312475909,
      0.9766157008865476,
      0.9767441860465116,
      0.9736605422073751,
      0.9777720673262238
    ],
    "f1": [
      0.9550138225684845,
      0.9639662662918477,
      0.9697796841489569,
      0.9742238220736645,
      0.9715788798357605,
      0.9733017478711825,
      0.9641702073688884,
      0.9701081738462524,
      0.9589817906874173
    ],
    "f1_macro": [
      0.9769680581683768,
      0.9815588420280521,
      0.984540167009093,
      0.9868102861739174,
      0.9854562083843984,
      0.9863371849074856,
      0.9816599854413789,
      0.9847027831875714,
      0.979000993640115
    ],
    "mcc": [
      0.9541785722186923,
      0.9631329414777096,
      0.9691490812403554,
      0.9736207431968232,
      0.9709133409970289,
      0.972680243466894,
      0.9634037809971057,
      0.969412334918456,
      0.958187860469748
    ],
    "auc": [
      0.9971701858887877,
      0.9990085177331761,
      0.997335837620161,
      0.9951689543901403,
      0.9980181526882738,
      0.998725239349778,
      0.9988779427110294,
      0.9987025087159488,
      0.9989091889727091
    ]
  }
}