{
  "train_losses": [
    0.04504711782483726,
    0.021846861238102634,
    0.020174977655214348,
    0.017775733504476945,
    0.017309647377101167,
    0.014383388942079727,
    0.011594441132440094
  ],
  "val_losses": [
    0.023448337424481505,
    0.01882682090860705,
    0.017729529289956487,
    0.019998218768092175,
    0.01898013592425593,
    0.018154071565943522,
    0.01974308012096688
  ],
  "val_metrics": {
    "accuracy": [
      0.9986388157991445,
      0.998765232474386,
      0.9987093739434653,
      0.9974746064178512,
      0.998421261520822,
      0.9985153390465831,
      0.9986505754898646
    ],
    "precision": [
      0.9722580645161291,
      0.9776826261839886,
      0.9702868852459017,
      0.9139167862266858,
      0.9535553329994992,
      0.9655834186284544,
      0.963426980511263
    ],
    "recall": [
      0.968135680328922,
      0.968135680328922,
      0.973403571887447,
      0.9821405627650006,
      0.978671463445972,
      0.9696775022484903,
      0.9781575228061159
    ],
    "f1": [
      0.970192493401146,
      0.972885732730794,
      0.9718427297800013,
      0.9468012633925806,
      0.9659501616891764,
      0.9676261298801205,
      0.9707363723302518
    ],
    "f1_macro": [
      0.9847479991454513,
      0.9861269818888627,
      0.9855911402319224,
      0.9727539336207253,
      0.98257102919219,
      0.9834331891782402,
      0.9850228682695338
    ],
    "mcc": [
      0.9694982928874225,
      0.972266233624942,
      0.9711835900031462,
      0.9461523957680774,
      0.9652276611632883,
      0.9668686481544501,
      0.970075029969877
    ],
    "auc": [
      0.9927816394091746,
      0.9975554741719735,
      0.9987582263901128,
      0.9973798602229815,
      0.9981350595246523,
      0.9986068629220033,
      0.9985332240804207
    ]
  }
}