{
  "train_losses": [
    0.033812113356794016,
    0.020557961940132808,
    0.018635910409444564,
    0.018302880057922466,
    0.014398207883754018,
    0.015865999826212673,
    0.014247262242341614,
    0.014963113379849015,
    0.014333607745006848,
    0.011047367428042038,
    0.009813587025521143,
    0.008289391564043605,
    0.00941018651617807,
    0.006761556826793015,
    0.005906200544278434,
    0.004999985763931758,
    0.005992053209474735,
    0.006159491403325644,
    0.004231105472858964,
    0.003484836837745129,
    0.0043615846949335985,
    0.0035489789116255814,
    0.002923101325960692,
    0.002703159149210218,
    0.0024844932168483808
  ],
  "val_losses": [
    0.0207725087414918,
    0.022925515189769593,
    0.023018838622848245,
    0.020169790706943806,
    0.01761543027092811,
    0.017852672961876228,
    0.018214551314337957,
    0.018516616541641863,
    0.017110342892877713,
    0.01567075119068207,
    0.01765013085597,
    0.01673229444172331,
    0.013639721366966706,
    0.016179779881197245,
    0.016498929776876035,
    0.01733096953221532,
    0.014899582245900177,
    0.019271235017841656,
    0.016849127597387725,
    0.019958330533268582,
    0.013104490893500381,
    0.018557685541075675,
    0.01948584301080277,
    0.019349529663676823,
    0.019756262394620597
  ],
  "val_metrics": {
    "accuracy": [
      0.997189433917888,
      0.998768172397066,
      0.9979920328095371,
      0.9985711975775037,
      0.9988475503094268,
      0.9972570521395288,
      0.998506519278543,
      0.9988681297681871,
      0.9986564553352247,
      0.9988798894589073,
      0.9982478060827,
      0.9987769921651061,
      0.9985711975775037,
      0.9989181084537476,
      0.9989269282217877,
      0.9988181510826265,
      0.9988975289949874,
      0.9988887092269473,
      0.9988798894589073,
      0.9989298681444678,
      0.9986535154125447,
      0.9989063487630275,
      0.9989063487630275,
      0.9988534301547869,
      0.9988740096135471
    ],
    "precision": [
      0.9039166962489646,
      0.9788036410923276,
      0.9396829328709437,
      0.9642448148619417,
      0.9755501222493888,
      0.9059018724816307,
      0.9601518026565465,
      0.9752055498458376,
      0.9661491473657419,
      0.9725485188968335,
      0.9567814923096479,
      0.9697742634868002,
      0.9557776389756403,
      0.9741654943087351,
      0.9730867346938775,
      0.9667383331225496,
      0.9680313368713672,
      0.9725590299936184,
      0.968955904713634,
      0.9750288129081829,
      0.9583281191340258,
      0.9737885180923156,
      0.9728212326145209,
      0.9716728339925992,
      0.9730248018409614
    ],
    "recall": [
      0.9814981369651805,
      0.9671077990492098,
      0.9748169086470513,
      0.9736605422073751,
      0.9740459976872671,
      0.9821405627650006,
      0.9752023641269434,
      0.9753308492869074,
      0.9754593344468714,
      0.978671463445972,
      0.9671077990492098,
      0.9770011563664397,
      0.9830399588847488,
      0.978671463445972,
      0.9802132853655403,
      0.9821405627650006,
      0.984324810484389,
      0.9790569189258641,
      0.9825260182448927,
      0.9782860079660799,
      0.983939355004497,
      0.978542978286008,
      0.9795708595657202,
      0.9784144931260439,
      0.9779005524861878
    ],
    "f1": [
      0.9411112479980288,
      0.9729205713177793,
      0.9569275398877467,
      0.9689298043728424,
      0.9747974797479748,
      0.9424819678194932,
      0.9676185619581846,
      0.9752681955418514,
      0.9707819193146219,
      0.9756003842459174,
      0.9619169329073483,
      0.9733742959549411,
      0.9692171269318469,
      0.9764132803486733,
      0.9766370095372208,
      0.974378585086042,
      0.9761100847295662,
      0.9757971571263926,
      0.9756937799043062,
      0.9766546947152386,
      0.9709648789146698,
      0.9761599589848756,
      0.9761843790012804,
      0.9750320102432779,
      0.9754565844280679
    ],
    "f1_macro": [
      0.9698358051885526,
      0.9861451613464849,
      0.977949797880475,
      0.984099295128249,
      0.987103885977102,
      0.97053849666821,
      0.9834270973564129,
      0.9873445034587085,
      0.9850471691754175,
      0.9875135858868282,
      0.9805101034300825,
      0.9863742088471403,
      0.9842428760789781,
      0.9879298185678085,
      0.9880439311851468,
      0.9868868549865961,
      0.9877729148070147,
      0.9876142277856699,
      0.9875602578418337,
      0.9880535388009515,
      0.9851378277399345,
      0.9878001481134107,
      0.9878123513854853,
      0.987222626452525,
      0.987440185817771
    ],
    "mcc": [
      0.9405100397841124,
      0.972308735848245,
      0.9560687298989888,
      0.9682105805507434,
      0.9742080759750148,
      0.9418854764116689,
      0.9668848757541266,
      0.9746890090262248,
      0.9701060384453514,
      0.9750322063876684,
      0.9610347362703785,
      0.9727554479870707,
      0.9685862632929344,
      0.9758623613246173,
      0.9760946754136846,
      0.9738056135837813,
      0.9755814678714504,
      0.9752341245364634,
      0.9751452459150802,
      0.9761085006733314,
      0.9703641962803468,
      0.9756033299840466,
      0.9756308170417194,
      0.974451360123696,
      0.9748835645166106
    ],
    "auc": [
      0.9983994964822288,
      0.9981741590059603,
      0.998542300252142,
      0.9987036002301688,
      0.9988546505668746,
      0.9989329641510476,
      0.9983236007750483,
      0.9989406559726993,
      0.998648797208969,
      0.999328186238077,
      0.9990252567329007,
      0.9991905715580784,
      0.9989482838150334,
      0.9989571895041016,
      0.9988832477755379,
      0.9983859201096809,
      0.9985936858886404,
      0.9984797393037721,
      0.9984542105895733,
      0.9977914913620155,
      0.9992641779267746,
      0.9988622749299708,
      0.9987444806946577,
      0.9988620663689927,
      0.9988185155894784
    ]
  }
}