{
  "train_losses": [
    0.06211648366832155,
    0.022523781467628266,
    0.020501899698772263,
    0.017805958790371994,
    0.01709342102788975,
    0.01782034247332665,
    0.017446265273195292,
    0.014955056176871147,
    0.011583157293333906,
    0.0128723442558377,
    0.01231365968259771,
    0.008706754235947524,
    0.0070411100526782885
  ],
  "val_losses": [
    0.02275836065974693,
    0.019372573527128456,
    0.018564082952189195,
    0.019650000060210004,
    0.02654126290703019,
    0.01844373433431069,
    0.018605724795041932,
    0.016753447895225267,
    0.016209948803555373,
    0.024150095331458222,
    0.017512166278699393,
    0.017891048171508755,
    0.019852555199640635
  ],
  "val_metrics": {
    "accuracy": [
      0.9968954416498846,
      0.9987152537888253,
      0.9983448235311412,
      0.9987417130929457,
      0.9986064766496641,
      0.9981243293301386,
      0.9987240735568654,
      0.9988416704640668,
      0.997986152964177,
      0.9956900733510708,
      0.9988328506960267,
      0.9983859824486616,
      0.9988093313145864
    ],
    "precision": [
      0.892794581338316,
      0.9681366301300025,
      0.9505741387918123,
      0.9759285621845477,
      0.9690668720318316,
      0.941758377643131,
      0.9671964399237126,
      0.9723820483314154,
      0.9345004897159648,
      0.8533392996979527,
      0.9718885765397394,
      0.9507726819541376,
      0.9710163432073544
    ],
    "recall": [
      0.9822690479249646,
      0.9759732750867275,
      0.978542978286008,
      0.9689065912887062,
      0.9700629577283824,
      0.978542978286008,
      0.9773866118463318,
      0.9771296415264037,
      0.9807272260053964,
      0.9800848002055762,
      0.9772581266863677,
      0.9802132853655403,
      0.9771296415264037
    ],
    "f1": [
      0.9353970390309556,
      0.9720391579755583,
      0.9643558088002533,
      0.9724049000644746,
      0.9695646590471299,
      0.9597983616887209,
      0.9722648261758691,
      0.9747500640861317,
      0.9570559839508495,
      0.9123310608778854,
      0.9745659555384714,
      0.9652685519073828,
      0.9740634005763689
    ],
    "f1_macro": [
      0.9669032717234953,
      0.9856908399764637,
      0.9817542744254842,
      0.9858805390240841,
      0.9844257862780285,
      0.9794190628467083,
      0.9858059215330824,
      0.9870786514964619,
      0.9780124419324496,
      0.9550608960985285,
      0.9869843382714916,
      0.9822211728344242,
      0.9867270401159198
    ],
    "mcc": [
      0.9349282772706312,
      0.9713899583382584,
      0.9636148835063999,
      0.9717677197658452,
      0.9688517066308353,
      0.9590229579459276,
      0.9716258377855326,
      0.9741603324688968,
      0.9563176319931544,
      0.912426470688975,
      0.9739725525624116,
      0.9645600527520943,
      0.9734591070963278
    ],
    "auc": [
      0.9984332070107387,
      0.996520965524091,
      0.9984521845134172,
      0.9976690299224604,
      0.9924004718966022,
      0.998806556289352,
      0.9959725179968466,
      0.9981626676633203,
      0.9990099560114319,
      0.9988891603536276,
      0.998161067407215,
      0.9986066624792468,
      0.9959634381525965
    ]
  }
}