{
  "train_losses": [
    0.03650873055460423,
    0.01819906067483067,
    0.020227101045440402,
    0.017499034080603725,
    0.015822183825911832,
    0.019211637532141137,
    0.015062079017674472,
    0.01304084471293137,
    0.011398277906874064,
    0.011057659573466097,
    0.00906090694509342,
    0.009327162218643043,
    0.007082354037329397,
    0.00594749347940072
  ],
  "val_losses": [
    0.02110680095921812,
    0.02199633035867686,
    0.026455006529685368,
    0.017153021420601235,
    0.01803905230020931,
    0.019268795502707794,
    0.01750205031008633,
    0.01910981590870421,
    0.019569659785152314,
    0.02046207112805352,
    0.016343446477887567,
    0.021256323922750387,
    0.01884541010245854,
    0.018674070606509705
  ],
  "val_metrics": {
    "accuracy": [
      0.9986917344073851,
      0.9986064766496641,
      0.9954901586088286,
      0.9986976142527452,
      0.9987005541754251,
      0.9979655735054168,
      0.9986740948713049,
      0.9973570095106499,
      0.9988798894589073,
      0.9987181937115054,
      0.9988063913919064,
      0.9988681297681871,
      0.9985182789692632,
      0.9985594378867836
    ],
    "precision": [
      0.9695418479651907,
      0.9631225446711443,
      0.8455923017365335,
      0.9702716555612506,
      0.9722115013508298,
      0.9398337675226399,
      0.9680796731358529,
      0.9109360076408787,
      0.975706940874036,
      0.9688576898532227,
      0.9707721761327377,
      0.9758168253151531,
      0.9588954734585803,
      0.9597780859916782
    ],
    "recall": [
      0.973403571887447,
      0.9764872157265836,
      0.9822690479249646,
      0.9728896312475909,
      0.9709623538481306,
      0.973403571887447,
      0.9741744828472312,
      0.9803417705255043,
      0.9753308492869074,
      0.9753308492869074,
      0.9772581266863677,
      0.9746884234870873,
      0.9771296415264037,
      0.9780290376461519
    ],
    "f1": [
      0.9714688722190165,
      0.9697588362893964,
      0.9088207322872087,
      0.9715788798357605,
      0.9715865260992543,
      0.9563241605655137,
      0.9711175152097342,
      0.9443653691441302,
      0.9755188588318447,
      0.9720834934050454,
      0.9740043539505698,
      0.9752522980009,
      0.9679266895761741,
      0.9688176148657248
    ],
    "f1_macro": [
      0.9853996951087756,
      0.9845228212526582,
      0.9532543159466086,
      0.9854562083843984,
      0.9854607992370344,
      0.9776413457159148,
      0.9852194940550119,
      0.9715058602708353,
      0.9874728456003108,
      0.985713765382413,
      0.986696763177201,
      0.9873365590447836,
      0.983584155650953,
      0.9840401513273154
    ],
    "mcc": [
      0.970801401498971,
      0.9690697797647829,
      0.9091973427952118,
      0.9709133409970289,
      0.9709218088672567,
      0.9554372002362833,
      0.9704440001212582,
      0.9436805191649769,
      0.9749457101941883,
      0.9714331786505389,
      0.9733991851432584,
      0.9746732891147865,
      0.9672133321988396,
      0.9681253640261388
    ],
    "auc": [
      0.9979902772281667,
      0.9982943604872616,
      0.9987542043911951,
      0.9992194012958026,
      0.9989430558736299,
      0.9986716385985354,
      0.9992434030111812,
      0.9986263456873293,
      0.9980192892392943,
      0.9989267684016577,
      0.9986943924272833,
      0.9985457365793603,
      0.9985432856496084,
      0.9981195195089382
    ]
  }
}