{
  "train_losses": [
    0.16999741080541944,
    0.042035616674395496,
    0.02860178428073955,
    0.0246388008790957,
    0.02011616336084296,
    0.016670986227582882,
    0.013385254763835652,
    0.0137389205953886,
    0.011256435077886508,
    0.007395813512334297
  ],
  "val_losses": [
    0.08138205500488932,
    0.0735135054723783,
    0.025423554999923163,
    0.026745944008739156,
    0.03130321657623757,
    0.02627051177180626,
    0.022796291794458575,
    0.02530334087681364,
    0.0239337774427523,
    0.02345068670216609
  ],
  "val_metrics": {
    "accuracy": [
      0.9772214790751004,
      0.9772273589204604,
      0.9973129106704494,
      0.9957341721912714,
      0.998512399123903,
      0.9982683855414602,
      0.9975069455673315,
      0.9976539417013333,
      0.9981272692528187,
      0.9982919049229005
    ],
    "precision": [
      0.5011753643629525,
      0.5012383693687663,
      0.927017282108666,
      0.8635737253100597,
      0.983393118108144,
      0.9780701754385965,
      0.9199467118808284,
      0.9346608587429994,
      0.9518209408194234,
      0.9561692424626298
    ],
    "recall": [
      0.9587562636515482,
      0.9620968778106129,
      0.9579853526917641,
      0.9662084029294616,
      0.9510471540537068,
      0.9455222921752537,
      0.9759732750867275,
      0.9649235513298214,
      0.9671077990492098,
      0.9698059874084544
    ],
    "f1": [
      0.658256880733945,
      0.6590969104832322,
      0.9422469354227221,
      0.9120126129403917,
      0.9669497060744612,
      0.9615208728032926,
      0.9471321695760598,
      0.949551144266026,
      0.9594034797017399,
      0.9629393378835236
    ],
    "f1_macro": [
      0.8232374823944109,
      0.823658570089054,
      0.9704356953113514,
      0.9549133551400493,
      0.9830943904669277,
      0.9803175679373397,
      0.9729277709001865,
      0.9741750953634878,
      0.9792225034993256,
      0.9810325724660685
    ],
    "mcc": [
      0.6843840584805103,
      0.6856752480832556,
      0.9410048886839739,
      0.9113405260916614,
      0.9663303897816554,
      0.9607793437229358,
      0.9462901429968267,
      0.9484766718976466,
      0.9584769365553117,
      0.9620904572252966
    ],
    "auc": [
      0.9935789649357641,
      0.9941651447971452,
      0.9966865756979012,
      0.9972080150617102,
      0.9912074965300228,
      0.9924385411369342,
      0.994854496430454,
      0.9931710173431245,
      0.9934884100399104,
      0.9950347994255699
    ]
  }
}