{
  "train_losses": [
    0.04956095777662422,
    0.020677427246212233,
    0.02202703565839032,
    0.017665093641204804,
    0.018353294750070404,
    0.016980389400290966,
    0.013396229212311145,
    0.01063051982224887,
    0.00912336610762403
  ],
  "val_losses": [
    0.028041839123118754,
    0.017682871645246092,
    0.017410465793651637,
    0.021898262616961674,
    0.01724946947137522,
    0.01675741719000778,
    0.01722658784832632,
    0.015809070036359413,
    0.015326107443861262
  ],
  "val_metrics": {
    "accuracy": [
      0.9977538990724544,
      0.9985506181187435,
      0.9984918196651428,
      0.9989210483764277,
      0.9986064766496641,
      0.9988328506960267,
      0.9988945890723074,
      0.9988181510826265,
      0.9986711549486249
    ],
    "precision": [
      0.9371030016191306,
      0.9609256449165402,
      0.9550575863795694,
      0.9764841942945258,
      0.9611356466876971,
      0.9739476386036962,
      0.9762119069049762,
      0.972353769358761,
      0.9626404139846018
    ],
    "recall": [
      0.9667223435693177,
      0.9763587305666196,
      0.9802132853655403,
      0.9763587305666196,
      0.978671463445972,
      0.9750738789669793,
      0.9754593344468714,
      0.9761017602466915,
      0.9799563150456122
    ],
    "f1": [
      0.951682266632937,
      0.9685807150595883,
      0.9674719421723417,
      0.976421458400257,
      0.9698242933537051,
      0.9745104333868378,
      0.9758354755784062,
      0.9742241600410362,
      0.9712211893543868
    ],
    "f1_macro": [
      0.9752662459612814,
      0.9839194571823666,
      0.9833499776081815,
      0.9879346751928322,
      0.9845555315413237,
      0.9869565924710078,
      0.9876349161924646,
      0.9868096852343458,
      0.985270532322397
    ],
    "mcc": [
      0.9506533743414242,
      0.9678711421832684,
      0.9667856896988374,
      0.9758693524974388,
      0.9691526177421418,
      0.973913355454677,
      0.9752699084119095,
      0.9736212595383305,
      0.9705815238096225
    ],
    "auc": [
      0.9966702814607445,
      0.9981445887704539,
      0.9986894961732184,
      0.9931337326709205,
      0.9984993322449623,
      0.998789479030395,
      0.9981477059742478,
      0.9988061650683884,
      0.9993063683243021
    ]
  }
}