{
  "train_losses": [
    0.21092515226540176,
    0.06304197377243707,
    0.04384116443458858,
    0.035037075128774485,
    0.02657628220202791,
    0.02988909903188171,
    0.027154062452271234,
    0.023906790748845008,
    0.023287806465008925,
    0.021748282190623455,
    0.025069091910344742,
    0.021608055779049822,
    0.02232124817931245,
    0.023712537237876204,
    0.021502603037651023,
    0.01925598389501575
  ],
  "val_losses": [
    0.10560917041518471,
    0.06243515814739195,
    0.04148115666413849,
    0.026332352913662115,
    0.031104160197587175,
    0.028602987062186003,
    0.027622575458901174,
    0.02571705466305668,
    0.026265011401847005,
    0.02948324577036229,
    0.026039519315500827,
    0.023854443517682903,
    0.02365430228581483,
    0.04670453486456112,
    0.02734799548687244,
    0.02542752029628239
  ],
  "val_metrics": {
    "accuracy": [
      0.9909215187640565,
      0.9948198562377809,
      0.9956900733510708,
      0.9969366005674051,
      0.9974334475003307,
      0.996751385438563,
      0.9974951858766115,
      0.9962927575004777,
      0.9982683855414602,
      0.9982066471651796,
      0.9983536432991812,
      0.9982272266239398,
      0.9963985947169589,
      0.9890781872436755,
      0.9977656587631746,
      0.9981213894074585
    ],
    "precision": [
      0.8102286242896789,
      0.9033900576175801,
      0.8873083997547517,
      0.9122935779816513,
      0.938340522709972,
      0.9037484885126965,
      0.93806092782202,
      0.8767329020332717,
      0.9689700130378096,
      0.9712258573117856,
      0.9737636101272464,
      0.9716237519705728,
      0.8793382693197593,
      0.6816720257234726,
      0.9425330812854442,
      0.958066170813029
    ],
    "recall": [
      0.7877425157394321,
      0.8662469484774509,
      0.9297186174996788,
      0.9582423230116921,
      0.9502762430939227,
      0.9602980855711165,
      0.9534883720930233,
      0.9750738789669793,
      0.9549017088526275,
      0.9497623024540666,
      0.9537453424129513,
      0.9502762430939227,
      0.9766157008865476,
      0.9805987408454323,
      0.9609405113709366,
      0.9599126300912245
    ],
    "f1": [
      0.798827361563518,
      0.8844287026105208,
      0.9080185719663697,
      0.9347035969419727,
      0.9442706670922438,
      0.9311655142340995,
      0.9457117369695425,
      0.9232921710566336,
      0.9618844237364913,
      0.9603741717552293,
      0.9636505257691809,
      0.9608314387788243,
      0.9254276496012662,
      0.804257337056747,
      0.9516477923399924,
      0.958988511648803
    ],
    "f1_macro": [
      0.8970916667654567,
      0.9408896269261215,
      0.9529059552187709,
      0.966567552039985,
      0.971478572214544,
      0.9647509756896375,
      0.9722148775669806,
      0.9606963242113948,
      0.9804992461488287,
      0.9797283675216613,
      0.9814041367934226,
      0.9799622643325987,
      0.9617911946796593,
      0.8993198539161864,
      0.9752520995851266,
      0.9790135943620173
    ],
    "mcc": [
      0.7942665874022018,
      0.8819837524916648,
      0.9060719586906444,
      0.9334314263888583,
      0.9429769277702945,
      0.9299524754452909,
      0.9444627568609225,
      0.9227653852340592,
      0.9610254436644428,
      0.9595195526079376,
      0.9628627292418324,
      0.9599866388530119,
      0.9249224902410931,
      0.8128294918250581,
      0.9505508834234884,
      0.9580276546488435
    ],
    "auc": [
      0.9655116536633878,
      0.9842653110720079,
      0.9891254790621504,
      0.9964725235160775,
      0.9914813641549959,
      0.9942699170184692,
      0.9939521733052459,
      0.9947335148267173,
      0.9928084821155228,
      0.9918391206494549,
      0.993809859334701,
      0.9950026617058447,
      0.9942552589895419,
      0.9965849272522647,
      0.9930510033540834,
      0.9943905816249824
    ]
  }
}