{
  "train_losses": [
    0.159186250486866,
    0.04284486844919102,
    0.02772243459557378,
    0.02544842894882137,
    0.020187093689496262,
    0.01596586424370058,
    0.014087231728237469,
    0.01377140964871424,
    0.010436894663820737,
    0.012277864413823239,
    0.01200093159609106,
    0.01145111454913371,
    0.007247119618452501,
    0.006933043936949743
  ],
  "val_losses": [
    0.05207140794531866,
    0.03189396900548176,
    0.03287106796845116,
    0.024723283925347707,
    0.025049641940065405,
    0.027211329524024306,
    0.021583126423965125,
    0.020877863428640096,
    0.02235856583998115,
    0.023328017993745478,
    0.022996252979448236,
    0.023320478122596713,
    0.02182161211649972,
    0.039707449095493015
  ],
  "val_metrics": {
    "accuracy": [
      0.9880433344603037,
      0.9952461450263858,
      0.9972570521395288,
      0.9967043466756824,
      0.9976774610827736,
      0.9986064766496641,
      0.9984771200517426,
      0.9981213894074585,
      0.9986299960311044,
      0.9984242014435021,
      0.998421261520822,
      0.9967631451292831,
      0.998509459201223,
      0.9913948463155419
    ],
    "precision": [
      0.6677198050189564,
      0.8531500572737686,
      0.939553388090349,
      0.8960760998810939,
      0.9364623642491574,
      0.9830799735624587,
      0.9631518551574653,
      0.9479558565337346,
      0.9713954387321222,
      0.9595434369055168,
      0.9586075949367089,
      0.8894847283749125,
      0.9576100628930818,
      0.7324334673559257
    ],
    "recall": [
      0.9504047282538867,
      0.9569574714120519,
      0.9406398560966208,
      0.968264165488886,
      0.9638956700501092,
      0.9555441346524477,
      0.9705768983682385,
      0.9712193241680586,
      0.9686496209687782,
      0.9721187202878068,
      0.973018116407555,
      0.9803417705255043,
      0.9781575228061159,
      0.9830399588847488
    ],
    "f1": [
      0.7843698637399926,
      0.9020771513353115,
      0.9400963081861958,
      0.9307725560427346,
      0.9499810054451058,
      0.9691164972634871,
      0.9668501215922181,
      0.9594465951640541,
      0.9700205867215645,
      0.9657901455195302,
      0.9657591022125869,
      0.9327058248273333,
      0.9677747409902753,
      0.8394316748038839
    ],
    "f1_macro": [
      0.8891105278145346,
      0.9498205461185752,
      0.9693463495603283,
      0.9645422748109929,
      0.9743960672406238,
      0.9842018265678643,
      0.9830353902257156,
      0.9792425088175865,
      0.9846597835419943,
      0.9824918360327233,
      0.9824755529540019,
      0.9655237574889683,
      0.983505913374078,
      0.9175053160149398
    ],
    "mcc": [
      0.7912692553379675,
      0.9012070277472662,
      0.9386928637498588,
      0.9298188083481698,
      0.9488960208436755,
      0.9685060639177872,
      0.9660782528231341,
      0.9585589658245511,
      0.96932058531778,
      0.9650051317897899,
      0.964979288108977,
      0.9322075348400553,
      0.9670690062506877,
      0.8446666528355317
    ],
    "auc": [
      0.9927237191841809,
      0.9946696567025143,
      0.9957036705254627,
      0.9950299886061224,
      0.9948825464323248,
      0.9955588679334231,
      0.9956801984273964,
      0.9952203775250907,
      0.9938333117170864,
      0.993476582177657,
      0.99461222840309,
      0.9937276186574865,
      0.992403171591858,
      0.9922733364876206
    ]
  }
}