{
  "train_losses": [
    0.3218412215626517,
    0.2513735854868279,
    0.1574492022655038,
    0.09066165372902571,
    0.17106121639872707,
    0.3580056323215019,
    0.35483053846414697,
    0.33645501178364423,
    0.31759016181147376
  ],
  "val_losses": [
    0.17957299575209618,
    0.34437502785162494,
    0.10979026877744631,
    0.0943599348379807,
    0.3712299425493587,
    0.36854405972090637,
    0.3629402667284012,
    0.3295675170692531,
    0.3075448755513538
  ],
  "val_metrics": {
    "accuracy": [
      0.9841538167546193,
      0.977098002322539,
      0.9700657072718988,
      0.9898072880683239,
      0.9771185817812992,
      0.9771185817812992,
      0.9771185817812992,
      0.9771185817812992,
      0.9771185817812992
    ],
    "precision": [
      0.6859940929581844,
      0.0,
      0.42305471807043427,
      0.7553846153846154,
      0.0,
      0.0,
      0.0,
      0.0,
      0.0
    ],
    "recall": [
      0.5670050109212386,
      0.0,
      0.8473596299627393,
      0.8201207760503662,
      0.0,
      0.0,
      0.0,
      0.0,
      0.0
    ],
    "f1": [
      0.6208497467642093,
      0.0,
      0.5643505048776314,
      0.786422719152344,
      0.0,
      0.0,
      0.0,
      0.0,
      0.0
    ],
    "f1_macro": [
      0.8063787764018893,
      0.4942081784386617,
      0.7744254267375866,
      0.8906008908965255,
      0.49421344313144694,
      0.49421344313144694,
      0.49421344313144694,
      0.49421344313144694,
      0.49421344313144694
    ],
    "mcc": [
      0.6157339316727753,
      -0.0006942074603153783,
      0.5865395615705393,
      0.781903776821277,
      0.0,
      0.0,
      0.0,
      0.0,
      0.0
    ],
    "auc": [
      0.9357645783565075,
      0.905368217352576,
      0.9855761537378948,
      0.9871246391710485,
      0.6265699075836269,
      0.6484686454060654,
      0.7139179570811166,
      0.8269755176310094,
      0.7307196086007758
    ]
  }
}