{
  "train_losses": [
    0.2022608019584833,
    0.046700878317879384,
    0.04411872856448903,
    0.050373929346976584,
    0.02988422808351082,
    0.028200786471431857,
    0.025127901006652433,
    0.024136848263117638,
    0.02279857478407753,
    0.021060391627035515,
    0.019654149370982723,
    0.019356741511728615,
    0.021217058576524343,
    0.017767400872016455,
    0.017893147826747058
  ],
  "val_losses": [
    0.0697160056707534,
    0.06685793078081174,
    0.03904490113597025,
    0.04941177835941992,
    0.02906969163185832,
    0.026439765193076295,
    0.027221383082426408,
    0.0337955626997758,
    0.024157470118635418,
    0.023783574579283595,
    0.024622980595185338,
    0.022495423919859935,
    0.02185821415729482,
    0.020253430035981266,
    0.02282184847122566
  ],
  "val_metrics": {
    "accuracy": [
      0.992197445207191,
      0.984565405929824,
      0.9947051992532596,
      0.9974158079642506,
      0.9977656587631746,
      0.9980067324229372,
      0.9974481471137309,
      0.9979538138146967,
      0.9978303370621353,
      0.9982478060827,
      0.9980273118816975,
      0.9976745211600935,
      0.9982095870878596,
      0.9981184494847786,
      0.9979097149744962
    ],
    "precision": [
      0.8157084820878986,
      0.602542304266861,
      0.8388851121685927,
      0.9639784946236559,
      0.9571670355422471,
      0.9603472852144616,
      0.9323496311116669,
      0.972026108964966,
      0.94912660971567,
      0.9685747815882123,
      0.9553137003841229,
      0.9313919052319842,
      0.9659651857625358,
      0.9485118673866633,
      0.9462392730943968
    ],
    "recall": [
      0.8513426699216241,
      0.9561865604522678,
      0.9513041243736349,
      0.9214955672619812,
      0.9446228960555055,
      0.952203520493383,
      0.9579853526917641,
      0.9375562122574843,
      0.9564435307721958,
      0.9543877682127714,
      0.9586277784915842,
      0.9698059874084544,
      0.9554156494924836,
      0.9704484132082745,
      0.9633817294102531
    ],
    "f1": [
      0.8331447252609079,
      0.739247044799841,
      0.8915648142573304,
      0.9422584247520199,
      0.9508535954474909,
      0.956258064516129,
      0.9449936628643854,
      0.9544800523217789,
      0.9527710226545502,
      0.9614289412373803,
      0.9569678701981659,
      0.9502108642286146,
      0.960661455978296,
      0.9593547567636225,
      0.9547335582861145
    ],
    "f1_macro": [
      0.9145750237421002,
      0.8656471895331436,
      0.9444255805809714,
      0.9704683767008073,
      0.9748552195965363,
      0.9776190967897211,
      0.9718437186122201,
      0.9767167178902127,
      0.9758303436034327,
      0.9802662411251895,
      0.977979193841036,
      0.9745101608708,
      0.9798727016988902,
      0.9791958451800971,
      0.9768318572446638
    ],
    "mcc": [
      0.829350588272303,
      0.7525051067828754,
      0.890708936628081,
      0.9411874390604144,
      0.9497321224519331,
      0.9552472809131038,
      0.9437786443158238,
      0.9535963818973291,
      0.9516680532895422,
      0.9605599035375841,
      0.9559598919116884,
      0.9492239746146595,
      0.9597605801680678,
      0.9584574488652113,
      0.9537040681944841
    ],
    "auc": [
      0.9880322768320238,
      0.9928883151601674,
      0.9936826630390576,
      0.9850214857200139,
      0.9958398925438793,
      0.9953135783813052,
      0.9937776988066391,
      0.9935482869495947,
      0.9952956158496147,
      0.9961493436870543,
      0.9951744396018514,
      0.9962613459578554,
      0.9956969905821431,
      0.9965582956196776,
      0.9956320790220452
    ]
  }
}