{
  "train_losses": [
    0.15810144285476485,
    0.03741647180732946,
    0.024789055714621967,
    0.020526484312857828,
    0.017612583041840862,
    0.01717614023648419,
    0.01624236367697026,
    0.011528946132382898,
    0.01086953275249513,
    0.009321231976405955,
    0.009760412633578769,
    0.008053859115746088,
    0.006268964205235026,
    0.00617811738968242,
    0.005175660784643273,
    0.0051171923205825
  ],
  "val_losses": [
    0.05655504839325493,
    0.023951738903468304,
    0.02133685117587447,
    0.030443511495832354,
    0.027944426073438743,
    0.020694000328975646,
    0.03729013950479301,
    0.019363324306058614,
    0.02052656912234273,
    0.019304145550863308,
    0.018694907781371676,
    0.018733793443640356,
    0.0189229318163019,
    0.020082349174613642,
    0.020811049757123164,
    0.019365278798928062
  ],
  "val_metrics": {
    "accuracy": [
      0.9955430772170691,
      0.9975569242528921,
      0.9976451219332931,
      0.9984095018301019,
      0.9945435035058579,
      0.9980596510311779,
      0.9917887959546664,
      0.9984683002837026,
      0.9985770774228637,
      0.9986182363403843,
      0.9987975716238663,
      0.9985388584280234,
      0.9985535580414235,
      0.9979361742786165,
      0.9982625056961002,
      0.998421261520822
    ],
    "precision": [
      0.8860416410003696,
      0.932445882060214,
      0.9305624074987666,
      0.9797297297297297,
      0.8236321939499837,
      0.945688900012514,
      0.7430352620300019,
      0.9617243133265514,
      0.9707210112214627,
      0.969323578487999,
      0.9689646400407022,
      0.9590473790322581,
      0.9620991253644315,
      0.9328768798141582,
      0.9486027944111777,
      0.9523096129837703
    ],
    "recall": [
      0.9240652704612617,
      0.962996273930361,
      0.9694205319285623,
      0.9501477579339587,
      0.9690350764486702,
      0.9709623538481306,
      0.9800848002055762,
      0.9717332648079147,
      0.9669793138892457,
      0.9703199280483105,
      0.978799948605936,
      0.9779005524861878,
      0.9752023641269434,
      0.9803417705255043,
      0.9770011563664397,
      0.9800848002055762
    ],
    "f1": [
      0.9046540880503144,
      0.9474748751659187,
      0.9495941098735133,
      0.96471202139456,
      0.8904368358913813,
      0.9581589958158996,
      0.8452545847415369,
      0.9667028823416629,
      0.9688465499485067,
      0.9698214973674072,
      0.9738574624480665,
      0.9683822126089446,
      0.9686064318529862,
      0.9560205488034081,
      0.9625925691499462,
      0.9659975938707022
    ],
    "f1_macro": [
      0.9511861478647695,
      0.9731121262441309,
      0.9741942545111089,
      0.981949218699578,
      0.9438194581205607,
      0.9785828958697746,
      0.9205185434409981,
      0.9829595014377718,
      0.984059230530745,
      0.984557214241927,
      0.9866210481751876,
      0.9838171808698686,
      0.9839330784941636,
      0.9774819209377525,
      0.9808515832923372,
      0.9825947319057121
    ],
    "mcc": [
      0.9025821305302326,
      0.9463534393761635,
      0.9485970358248011,
      0.9640171743423055,
      0.8907436707733437,
      0.9572531919949545,
      0.8496371092751716,
      0.9659325837150677,
      0.9681203541367984,
      0.9691145625933304,
      0.973255111436253,
      0.9676824684207079,
      0.9678893873189179,
      0.9552728220504164,
      0.9618129981856028,
      0.9652941485002703
    ],
    "auc": [
      0.966271298851117,
      0.9965145559948662,
      0.9963748071890483,
      0.9953773955278185,
      0.9959808880765819,
      0.9953308479647971,
      0.9969319713667727,
      0.9948972489181799,
      0.9962200352276231,
      0.995686575483735,
      0.9949049993070016,
      0.9946957707018305,
      0.996815776614401,
      0.9950769252639065,
      0.9952493576432051,
      0.9964572042386737
    ]
  }
}