{
  "train_losses": [
    0.24307663790708364,
    0.12950068816196086,
    0.09620990747109402,
    0.08745619403414948,
    0.08080262803407602,
    0.06733975477170112,
    0.06423725228929936,
    0.061653642568650635,
    0.05911110452008109,
    0.056699890849115545,
    0.048282788741553936,
    0.04058819165626584,
    0.03708533444550148,
    0.03740829460019635,
    0.03527872865413164,
    0.03192893581378252,
    0.031224898842358313,
    0.02940181578877707,
    0.02922697004667202,
    0.027213997954805922,
    0.02248321462769148,
    0.02041250559349739
  ],
  "val_losses": [
    0.16725318133831024,
    0.10323452052067626,
    0.09506574747237292,
    0.07865961065346544,
    0.07607440667396242,
    0.08213571247390726,
    0.0760323636403138,
    0.07477105061777613,
    0.07178491870449348,
    0.0676905836232684,
    0.06578844463960691,
    0.06706914771348238,
    0.0635057010857219,
    0.06547072898088531,
    0.06550713145936077,
    0.06360396658155051,
    0.07464524858038533,
    0.06749828286807645,
    0.06879369645718146,
    0.06449324878948656,
    0.07040182769891214,
    0.07171425128101626
  ],
  "val_metrics": {
    "accuracy": [
      0.9735524555704185,
      0.9929471254905996,
      0.9940701759543724,
      0.9936321274750474,
      0.9940848755677726,
      0.9951961663408252,
      0.9949844919078629,
      0.9952843640212262,
      0.9944406062120567,
      0.9940848755677726,
      0.9950256508253833,
      0.9961340016757559,
      0.9957429919593115,
      0.9961428214437961,
      0.9959046877067134,
      0.9954519396139881,
      0.9963045171911978,
      0.9959223272427935,
      0.996054623763395,
      0.9958635287891928,
      0.9961104822943156,
      0.9961104822943156
    ],
    "precision": [
      0.4545862972669412,
      0.9300319488817891,
      0.9424493554327809,
      0.8696854021324207,
      0.8843745837218596,
      0.9531319086219602,
      0.9202046743189047,
      0.9386625017748119,
      0.8735734212528532,
      0.8590270001244246,
      0.896188369975283,
      0.9431351055083584,
      0.9119521394199506,
      0.9323800614726714,
      0.9210595677385345,
      0.8877144988808754,
      0.947599451303155,
      0.9142487046632124,
      0.9203759300352434,
      0.90684022460439,
      0.9199167966718669,
      0.9179606625258799
    ],
    "recall": [
      0.7800334061415907,
      0.7480406013105486,
      0.7890273673390723,
      0.8489014518823076,
      0.8530129770011564,
      0.8309135294873442,
      0.8549402544006167,
      0.8494153925221637,
      0.8851342669921624,
      0.8870615443916228,
      0.8851342669921624,
      0.8843633560323783,
      0.9009379416677373,
      0.8964409610689965,
      0.8979827829885648,
      0.9172555569831684,
      0.8875754850314789,
      0.9068482590260825,
      0.9059488629063344,
      0.9130155467043557,
      0.9091609919054349,
      0.9114737247847874
    ],
    "f1": [
      0.5744157441574416,
      0.8291675567898598,
      0.8589411846982307,
      0.8591677503250975,
      0.8684107259646828,
      0.8878363536518397,
      0.8863727187957906,
      0.8918116821799541,
      0.8793158465760419,
      0.872819216182048,
      0.8906270200387848,
      0.9128041907035342,
      0.90641158221303,
      0.9140573824184463,
      0.9093747966950751,
      0.9022432859399684,
      0.9166058515225901,
      0.9105334451396504,
      0.9131054131054132,
      0.9099174082847814,
      0.9145072697899839,
      0.9147056927341887
    ],
    "f1_macro": [
      0.780383952861302,
      0.9127833950536165,
      0.927956307621544,
      0.9279550832959804,
      0.9326925810274542,
      0.9426909378282602,
      0.9419041847816458,
      0.9447006669558391,
      0.9382353079929882,
      0.934895619498612,
      0.9440409851254361,
      0.9554136841907637,
      0.9521167712544653,
      0.9560422606443112,
      0.9536399023367452,
      0.9499575485481562,
      0.957358121283959,
      0.9542235312920174,
      0.9555434502738089,
      0.9539002857669839,
      0.9562586212445778,
      0.9563577788333726
    ],
    "mcc": [
      0.5836593112542571,
      0.8307167466422362,
      0.8594633373963404,
      0.8559761811640979,
      0.8655337522956288,
      0.887570755437725,
      0.8844371353067836,
      0.890567386632726,
      0.8764905823572524,
      0.8699095711901942,
      0.8880999756621721,
      0.9113224449068169,
      0.9042510994023515,
      0.9122696471737333,
      0.9073565822514316,
      0.9000420968019421,
      0.9152304122295453,
      0.9084549528689014,
      0.9111167937568359,
      0.9078060714815699,
      0.9125338336736271,
      0.9127215920885506
    ],
    "auc": [
      0.9453790863600815,
      0.9678993227534468,
      0.9693563598997915,
      0.9734097065568841,
      0.9749161975895742,
      0.9768536828795016,
      0.9768690251585335,
      0.9786608098264823,
      0.975025224338877,
      0.9770539609520951,
      0.979413620244809,
      0.9779808764899468,
      0.978099989549684,
      0.9781405278891208,
      0.9774012422346474,
      0.9778980947912513,
      0.9783675665193913,
      0.9771264862442848,
      0.9779660234304106,
      0.9791107951167672,
      0.9769515430150275,
      0.9776509573772703
    ]
  }
}