{
  "train_losses": [
    0.26270420329515326,
    0.12768047173009361,
    0.10010063275694847,
    0.08287800441301146,
    0.07293167446068553,
    0.06562116997706335,
    0.06030093005663434,
    0.05527206828687773,
    0.046642740776892316,
    0.04386847704475702,
    0.039414981607520994,
    0.03674443752699813,
    0.03475747436155067,
    0.03226705714193887,
    0.03154829104409315,
    0.02595838811248541,
    0.024849292670571527,
    0.022520712436025225,
    0.02216275312482964,
    0.019462339536741723,
    0.018474174165275206
  ],
  "val_losses": [
    0.15776012939485637,
    0.10213981484147636,
    0.08878757347437469,
    0.07948536036366766,
    0.07530668149278923,
    0.06987669445912946,
    0.0696978856047446,
    0.07053640129213984,
    0.0633762057193301,
    0.06526220801540396,
    0.06243388744240457,
    0.06628792813386429,
    0.06443581471896985,
    0.06502895108000799,
    0.06467799922790039,
    0.06851035616868599,
    0.0662037526595999,
    0.06905221259644763,
    0.06574084757911888,
    0.0698213128330694,
    0.06994062338278374
  ],
  "val_metrics": {
    "accuracy": [
      0.9838363051051757,
      0.9908862396918962,
      0.9882755883520263,
      0.9920386893824692,
      0.9944288465213365,
      0.993690925928648,
      0.9940701759543724,
      0.9917094180423055,
      0.9948580752326214,
      0.9937320848461686,
      0.9942553910832145,
      0.9957488718046715,
      0.9951961663408252,
      0.9924296990989137,
      0.9939731585059313,
      0.9959017477840333,
      0.9951020888150641,
      0.9952285054903056,
      0.994381807758456,
      0.9956930132737509,
      0.995354922165547
    ],
    "precision": [
      0.623154036865366,
      0.7971823835512121,
      0.698420997594897,
      0.8032022941809057,
      0.9024056861673045,
      0.8522684664416947,
      0.86707410236822,
      0.77447185045902,
      0.8820921985815603,
      0.8366495889431669,
      0.8549506759225429,
      0.9263894496030144,
      0.8954340836012862,
      0.7886917960088692,
      0.841534612176814,
      0.9254228259422027,
      0.8845718596755942,
      0.8883984867591425,
      0.8522918166546676,
      0.9090909090909091,
      0.890961805117862
    ],
    "recall": [
      0.7427727097520237,
      0.8070152897340357,
      0.8581523833997173,
      0.8636772452781704,
      0.8482590260824875,
      0.8761403057946807,
      0.8749839393550045,
      0.8996530900680971,
      0.8948991391494282,
      0.9022227932673776,
      0.9019658229474495,
      0.8844918411923423,
      0.8945136836695362,
      0.9140434279840678,
      0.9074906848259026,
      0.8928433765900039,
      0.90389310034691,
      0.9051779519465502,
      0.9126300912244636,
      0.9019658229474495,
      0.9081331106257228
    ],
    "f1": [
      0.677725674091442,
      0.8020687013152854,
      0.7700910872823705,
      0.83234274393264,
      0.8744949996688522,
      0.8640395337050177,
      0.8710110635032295,
      0.8323823109843081,
      0.8884495184641877,
      0.8681998021760633,
      0.8778291859447293,
      0.9049559616143026,
      0.8949736469983288,
      0.8467535559126347,
      0.873269040553907,
      0.9088412241695004,
      0.8941281138790036,
      0.896709730796156,
      0.8814295464416455,
      0.9055143502096098,
      0.8994655128531432
    ],
    "f1_macro": [
      0.8347179702574273,
      0.8987022189990307,
      0.8820377481109444,
      0.9141326390523774,
      0.9358230969185719,
      0.9304050335017189,
      0.9339881986469722,
      0.9140659523920706,
      0.9429089519403097,
      0.9324947549835978,
      0.9374438630567848,
      0.9513908870013306,
      0.9462577567474509,
      0.9214362727165764,
      0.9350911105611517,
      0.9533724886317474,
      0.9458105846859302,
      0.9471337879307566,
      0.9392761420208191,
      0.9516553151049554,
      0.9485440249986192
    ],
    "mcc": [
      0.6722175133590882,
      0.7974203115865577,
      0.7684102863201439,
      0.8288432797949923,
      0.8720853475834672,
      0.860896759004401,
      0.8679858346316276,
      0.830600442455908,
      0.885842148649564,
      0.8656402267117753,
      0.8752185768600032,
      0.9030358763891475,
      0.8925156377415159,
      0.845304974560285,
      0.8708366361703831,
      0.9068980284045873,
      0.8916759975334219,
      0.8943088037038041,
      0.8790948352532936,
      0.9033179858379456,
      0.8971310904827505
    ],
    "auc": [
      0.951597879901849,
      0.9663232815634832,
      0.9698767531727632,
      0.972081890429302,
      0.9746622509206011,
      0.9760577115495873,
      0.9767830423677543,
      0.9771152606767558,
      0.9770868325977088,
      0.9776333528204928,
      0.9777039138896433,
      0.9781677024760985,
      0.9768890408271185,
      0.9774993165365903,
      0.9766264958017512,
      0.9769788221724307,
      0.9776141829932794,
      0.9781745447838497,
      0.9765890951549532,
      0.9775185010539189,
      0.9773328400325632
    ]
  }
}